<?xml version="1.0" encoding="UTF-8" standalone="yes"?>
<addon id="plugin.video.fanfilm" name="FanFilm" version="2023.13.07" provider-name="-">
    <requires>
        <import addon="xbmc.python" version="3.0.0"/>
        <import addon="script.module.ptw" version="2023.01.06.0"/>
        <import addon="script.module.requests"/>
        <import addon="script.module.metahandler" version="5.0.0"/>
        <import addon="script.module.beautifulsoup4"/>
        <import addon="script.module.future"/>
        <import addon="plugin.video.youtube" optional="true"/>
        <import addon="script.module.resolveurl"/>
        <import addon="script.module.six"/>
        <import addon="script.module.kodi-six"/>
        <import addon="script.module.kover" version="0.0.6"/>
        <import addon="script.fanfilm.media" version="2022.12.29.0"/>
        <import addon="script.fanfilm.metadata" version="2021.03.07.0"/>
    </requires>
    <extension point="xbmc.python.pluginsource" library="default.py">
        <provides>video</provides>
    </extension>
    <extension point="xbmc.service" library="service.py" start="startup"/>
    <extension point="kodi.context.item">
      <menu id="kodi.core.main">
        <item library="epg.py">
          <label lang="pl">Szukaj w FanFilm</label>
          <visible>Window.IsVisible(tvguide)|Window.IsVisible(tvsearch)|Window.IsVisible(tvchannels)</visible>
        </item>
      </menu>
    </extension>
    <extension point="xbmc.addon.metadata">
        <reuselanguageinvoker>true</reuselanguageinvoker>
        <summary lang="pl">FanFilm</summary>
        <description lang="pl">Plugin z filmami i serialami.</description>
        <platform>all</platform>
        <assets>
            <icon>icon.png</icon>
        </assets>
    </extension>
</addon>

