<?xml version="1.0" encoding="UTF-8" standalone="yes"?>
<addon id="script.fanfilm.metadata" version="2021.03.07.0" name="FanFilm Metadata" provider-name="fanfilm">
    <requires>
        <import addon="xbmc.python" version="3.0.0"/>
    </requires>
    <extension point="xbmc.python.module" library="lib"/>
    <extension point="xbmc.addon.metadata">
        <summary>Metadata for the fanfilm Addon</summary>
        <description>Metadata for fanfilm are maintained separately to make distribution of the the addon itself easier/faster.</description>
        <platform>all</platform>
    </extension>
</addon>
